SET IDENTITY_INSERT [Languages] ON;
INSERT INTO Languages(LanguageID,LanguageName,LanguageGroup,LanguageSystem)
VALUES
(1, 'Английский', 'Германская', 'Латиница'),
(2, 'Русский', 'Славянская', 'Кириллица'),
(3, 'Китайский', 'Сино-тибетская', 'Иероглифы'),
(4, 'Французский', 'Романская', 'Латиница'),
(5, 'Арабский', 'Афразийская', 'Арабское письмо'),
(6, 'Испанский', 'Романская', 'Латиница'),
(7, 'Хинди', 'Индоарийская', 'Деванагари'),
(8, 'Португальский', 'Романская', 'Латиница'),
(9, 'Японский', 'Японо-рюкюская', 'Кандзи и кана'),
(10, 'Немецкий', 'Германская', 'Латиница');
SET IDENTITY_INSERT [Languages] OFF;
SET IDENTITY_INSERT [Countries] ON;
INSERT INTO Countries(CountryID,CountryName,Capital,Continent,Populations)
VALUES
(1, 'Россия', 'Москва', 'Евразия', 146000000),
(2, 'США', 'Вашингтон', 'Северная Америка', 331000000),
(3, 'Китай', 'Пекин', 'Азия', 1439000000),
(4, 'Франция', 'Париж', 'Европа', 67000000),
(5, 'Индия', 'Нью-Дели', 'Азия', 1400000000),
(6, 'Бразилия', 'Бразилиа', 'Южная Америка', 213000000),
(7, 'Япония', 'Токио', 'Азия', 126000000),
(8, 'Германия', 'Берлин', 'Европа', 83000000),
(9, 'Египет', 'Каир', 'Африка', 104000000),
(10, 'Мексика', 'Мехико', 'Северная Америка', 126000000);
SET IDENTITY_INSERT [Countries] OFF;
SET IDENTITY_INSERT [Squads] ON;
INSERT INTO Squads(SquadsID,CountryID,LanguageID,SpeakersCount)
VALUES
(1, 1, 2, 130000000),
(2, 1, 1, 5000000),
(3, 2, 1, 295000000),
(4, 2, 6, 40000000),
(5, 3, 3, 1300000000),
(6, 3, 1, 10000000),
(7, 4, 4, 60000000),
(8, 4, 1, 5000000),
(9, 5, 7, 500000000),
(10, 5, 1, 200000000),
(11, 6, 8, 200000000),
(12, 6, 6, 10000000),
(13, 7, 9, 120000000),
(14, 7, 1, 3000000),
(15, 8, 10, 70000000),
(16, 8, 1, 10000000),
(17, 9, 5, 95000000),
(18, 9, 1, 2000000),
(19, 10, 6, 11000000),
(20, 10, 1, 5000000);
SET IDENTITY_INSERT [Squads] OFF;
SET IDENTITY_INSERT [Users] ON;
INSERT INTO Users (UsersID, UserRole,UserLogin,UserPassword)
VALUES
(1, 'Admin','admin', 'admin123'),
(2,'Manager','manager', 'manager123'),
(3, 'User', 'user', 'user123');
SET IDENTITY_INSERT [Users] OFF;
GO